term,occurrences
lovemarinabaysandssingapore,1
����,3
already,3
fyp,2
fypblues,1
ilightmarinabay,173
sick,1
tbt,10
tired,4
����,2
���,59
days,14
kid,3
reminds,3
cityscape,4
cityview,2
sightsee,1
sightseeing,1
singapore,143
singaporecityviews,1
travel,12
business,2
highrise,1
highrisebuilding,1
highrises,1
marinabay,55
checks,1
holiday,3
next,10
courage,2
deeply,3
found,8
give,7
loved,5
someone,11
strength,3
banana,2
key,1
opens,1
need,11
retail,1
sooooooooooooon,1
therapy,1
unrelated,2
����,13
jeans,2
lets,6
loose,1
pretend,2
still,23
usedtobetwosizestoobig,1
bnw,3
like,40
might,3
icymi,1
ilight,166
interesting,1
shots,3
iscbusinesstour,1
pause,1
prenons,1
une,2
������������,1
andoftentimeswecallamancoldwhenheisonysad,1
ba��n,1
captured,3
carlos,2
elara,1
everymanhashissecretsorrowswhichtheworldknowsnot,1
felix,1
freire,1
galli,1
garrido,1
light,124
lightnetwork,1
lumixgf,4
manuel,1
mohan,1
network,7
nofilter,9
rajesh,1
raspall,1
ultra,7
���,1
�������,1
������,1
�����,1
������,1
���,2
���,1
隐���,1
霜,1
alr,3
day,41
done,5
first,9
miss,8
school,6
waking,3
fixyou,1
last,26
lovely,1
moonflowers,4
mth,1
open,2
please,7
read,3
sunburn,1
sunlight,1
affair,2
filmisnotdead,2
fun,16
funfair,1
short,2
darkness,14
dawn,1
bay,35
gastrobeats,20
instadaily,14
likeforfollow,1
likeforlike,6
marina,36
marinabaysg,43
minzgraphy,1
photographygoals,1
photooftheday,5
sands,7
home,32
know,20
must,9
truly,2
takeaboat,1
carnival,9
city���,1
������,1
aov,3
brovisuals,3
citygrammers,3
citykillerz,3
cityunit,3
depthobsessed,3
eclecticshotz,3
elect,3
gramslayers,3
heatercentral,3
illgrammers,4
killergrams,3
killershot,3
killyourcity,3
meistershots,3
moodygrams,3
shootkill,3
shotzdelight,3
streetactivity,3
streetframe,3
streetmobs,3
streetshared,3
symmetricalmonsters,3
urbanaisle,3
urbanandstreet,3
urbanbangers,3
visualambassadors,3
visualmobs,3
visualseduction,3
wayill,3
artbox,4
baby,7
bum,2
dancing,1
entertaining,1
just,34
mickey,1
queue,1
terrible,1
things,9
try,8
artboxsingapore,4
louisleslieleticialennon,1
powerfm,1
happy,22
type,1
���,17
sudah,1
terpesona,1
����������������,1
jepretan,1
takajakaja,1
ポ����,1
���,1
night,56
trip,10
light��,1
achieving,1
alhamdulillah,1
allah,1
believing,1
can,28
cause,9
dream,6
ease,1
everything,6
high,2
jealous,1
people,20
say,8
start,4
stop,7
thinking,2
unplanned,1
yes,1
ace,1
counting,1
exam,2
falls,2
luck,1
paper,1
time,28
today,8
tough,2
well,15
����go,1
✈����,1
✜���������months,1
different,1
something,6
superhand,1
nocturno,1
paseo,1
elegant,1
lady,1
vsco,14
morning,4
���,1
����������,1
垜���,1
��������������,1
���,1
���,1
���,1
���,1
everyday��,1
fall,2
college,1
education,1
higher,1
inner,3
passage,3
raffles,1
reflection,3
box�,1
singaporeart,1
���,6
artboxsgnomnomnom,1
foodgram,2
foodporn,2
loveit,2
slowmotion,1
���������������,1
kenyang,1
around,15
walks,1
buildings,9
tall,3
great,10
dreaming,1
keep,5
singapore��,5
aicuzzie,1
aiin,1
ailifestyle,1
ailoveones,1
throwback,65
���������,1
mesmerizing,2
singaporeinsta,2
art,23
box,2
full,5
messy,1
lights,88
loving,6
pic,5
����,2
�晚��,1
���,1
all��,1
don’t,1
heads��,1
hearts��,1
insecure,2
lost��,1
sure��,1
trapped,1
we’re,1
away,8
rain,5
easter,1
goodtimes,1
marinabaysands,20
nightsky,1
walking,4
���,1
������,1
good,22
asian,2
mytravel,2
riverwalk,2
totravelistolive,1
traveller,2
travellife,1
travelpic,1
visitsingapore,5
yolo����,1
����,10
booth,2
middle,1
night��������,1
setting,3
fragile,1
heart,12
lil,2
mine,2
sorry,2
ayy,1
chnnls,1
experience,5
features,1
inject,1
installing,1
life,37
lighting,9
one,40
public,1
shape,6
spaces,3
sustainable,3
way,14
brighten,1
coming,5
heres,5
late,5
little,10
long,8
midweek,4
weekend,15
ilightfestival,13
blast,1
come,11
gonna,7
party,1
tomorrow,3
����,3
dimmed,1
asia,6
city,15
holidays,2
tour,1
town,1
traveler,2
vdk,1
vladivostok,1
���,4
����,4
�����,1
�����������,1
�����,2
�����,1
������,1
�������������������,1
����,1
��������,1
����,1
������,1
���,9
�������,1
�����������,2
break,3
far,7
heartlife,1
listen,1
small,2
voice,2
within,3
����,7
hump,1
perhaps,2
reconsiderations,1
toughest,1
week,11
always,17
bud,1
butt,1
corgi,1
sticking,1
thanks,11
thick,1
thieves,1
without,7
���,8
breathe,1
let,19
longer,1
make,13
sights,1
wish,6
nights,3
summer,3
beer,1
bestfriends,3
bestoftheday,4
chiqas,1
coloroftheday,1
drinks,2
friends,7
gracias,1
green,5
greencompany,1
happydays,2
locas,1
margaritas,1
mexicana,1
mexicanstyle,1
mood,1
muiloco,1
wearesuperloco,1
���superloco,1
central,2
waterfront,3
����,5
back,15
bayfront,1
colleaguefriends,1
desdaily,1
potd,9
���,11
amo����,1
bonita,1
demais,1
dia,2
ensolarado,1
foi,1
foto,2
mais,2
mas,1
mim,1
nem,1
n�o,1
para,1
pode,1
que,2
ser,1
significativo,1
uma,1
meteor,1
�������,1
seariousis,1
beautiful,19
lovesingapore,1
peaceful,2
serene,1
tranquility,1
weather,1
i��,2
watching,1
windows,1
called,1
curiosity,2
curious,1
lightfestival,4
nikon,3
nikond,1
photo,19
randomshot,1
remember,3
streetphotography,2
young,1
dope,1
tbtuesday,1
araba,2
az�c�k,1
bakmayacak,1
bazen,1
ba��layan,1
bekliyor,1
bile,3
bir,5
cabas�,1
caddede,1
de��il���,1
d�zenli,1
eski,1
etmi��ler,1
evet,1
farkedeceksiniz,1
farkedeceksiniz����trafik,1
gereken,1
gezilmesig�r�lmesi,1
ge�iyor���,1
g�n,1
g�remeyece��iniz,1
g�remezsiniz,1
g�r�lecek,1
hakl�,1
hemen,1
hi�bir,2
iki,1
imar,1
inan�n,1
kenar�,1
kesinlikle,1
kirli,1
kuralc�,1
k���c�k,1
lakin,1
metrekareyi,1
olduklar�n�,1
olmad����,1
olmas�na,1
otopark,1
ra��men,1
saati,1
singapur���,1
sokak,1
sonra,1
tane,1
tanesi,1
tlden,1
trafik,1
var,2
veya,1
yaya,2
yayalar,1
yeni,1
yerlerden,1
yetmiyor,1
yol,1
yola,1
yoldan,1
zannedersiniz,1
�cretleri,1
�cretsiz,1
�lke,2
�nan�lmaz,1
����klar�n�n,1
��ey,2
best,14
explore,6
hot,3
instagood,10
instamood,8
lifestyle,1
live,8
now,9
palmtrees,1
photography,10
skyporn,1
sunny,1
view,13
vscocam,15
vscodaily,1
vscogood,2
water,8
world,18
bring,5
colours,18
therell,3
throughout,3
will,33
amazing,14
bodo,1
cam,1
followfollow,1
followme,4
girl,6
igers,5
instacool,2
instafollow,1
instafun,1
instagram,14
instagramers,4
instagramhub,1
instahub,1
instalike,4
instapic,4
iphone,31
likelike,3
likes,1
look,15
love,47
picoftheday,7
smile,5
tagsforlikes,1
tagsforlikesapp,1
tflers,1
tweegram,1
webstagram,4
���insta,1
arms,1
babygirl,2
exploresingapore,15
exploretocreate,2
fatalframes,1
feedfeed,1
guide,5
igaddict,2
igersdaily,1
igreads,1
igsg,39
inside,4
instasg,9
iphonesia,1
justgoshoot,2
killeverygram,1
lazyshutters,1
lighthouse,1
much,9
musings,1
safely,1
singaporeinsiders,2
urbanexplorers,1
vscophile,1
vscosg,2
woman,3
yoursingapore,9
���,14
shy,2
shy��,1
�뚐��,1
������,1
���,1
along,4
appreciate,3
didnt,6
dont,26
granted,1
person,7
someday,3
take,20
hour,3
igdaily,3
instalove,3
instaview,1
magic,1
mbs,6
moon,5
moonlight,2
proudly,1
shot,10
sky,3
skyline,4
��������,1
backpacking,2
bigcitylife,1
cambodia,1
deephouse,1
freedom,2
gopro,2
hakunamatata,1
instatravel,2
liveinthemoment,1
missingit,1
neveralone,1
pictureoftheday,1
solotravel,1
southeastasia,1
techno,1
thailand,3
travelgram,2
trowback,1
vietnam,1
wanderlust,3
close,2
fast,2
zoo,1
damn,3
fancy,1
mopad,1
building,1
chilling,1
country,1
enjoylife,1
model,8
peace,2
pictures,3
travelling,1
views,2
������,1
alfred,1
every,10
flower,6
garden,6
tennyson,1
thought,5
walk,7
hashtags,1
believe,4
cant,17
mondayblues,1
overrrrrrrr,1
weekends,1
ages,1
chuchensg,1
going,3
gold,1
hog,1
kids,5
learning,5
memorable,2
orientation,2
see,28
shamelessly,1
shes,2
song,1
spots,2
wearing,2
year,6
action,1
actions,1
again���������������,1
grateful,3
separated,1
words,2
�������������,1
ahead,4
another,14
end,8
labyrinth,1
laced,1
thankfully,1
better,4
iight,1
marinabaythrowback,1
camp,1
captionnolinktopicture,1
classmates,1
headache,1
hope,8
new,5
socialise,1
starting,1
us�������,1
amazingplaces,6
arquitectura,5
arquitecture,5
arquitecturedesign,5
arquitecturelovers,5
arquitecturephotography,5
beatifulplacesintheworld,5
buildingstyles,5
ilovephotography��,4
iwillmissthisplace,5
minimalart,3
minimalism,3
minimalist,3
moderncities,5
niceclicks����������������������������,4
nicepictures,4
niceplaces,5
niceplacestogo,4
niceplacestovisit,4
singaporecity,7
thingsyoushouldsee,5
������������������������,1
issacootd,1
beauty,10
design,11
designer,2
designers,1
designlife,1
there������������,2
amateurphotography,1
artistic,1
artisticphoto,1
artisticphotography,1
artisticselfies,1
artistsofinstagram,1
beautifulthingsinlife,2
beautyisallaround,2
clickoftheday,1
clickoftheday��,1
feeling,4
selfies,1
selfyoftheday,1
thingsyoushouldknow,2
tryingdifferentpictures,1
tryingsomethingdifferent,1
����,1
����,4
boy,1
whos,2
brightest,2
almost,4
doesnt,5
find,10
perfection,1
picture,8
retouching,1
visit,4
want,10
power,1
bila,1
diri,1
gembira,1
harapku,1
lupa,1
tidak,1
antioxidants,1
contains,1
crackling,1
cup,2
ended,2
overheard,1
sharing,1
���,5
���������,1
goldstar,2
localshoe,1
made,15
nepal,1
nepali,1
angle,3
blessed,4
capture,3
changing,1
colour,11
many,13
patient,2
right,8
sunday,3
taking,6
thankful,1
���‍��,4
accompanying,1
also,8
avocado,2
beef,2
bowl,2
cheese,2
cherry,1
chilli,1
combi,1
couldnt,2
cucumber,1
delicious,1
eating,1
fluffy,2
fries,4
handle,1
idea,2
kind,2
lemonade,1
lol,3
lot,5
may,10
mind,3
ordered,1
pictured,2
pineapple,1
pizza,2
poke,2
pretty,8
quinoa,2
quite,2
refreshing,1
salmon,1
seaweed,1
second,3
shoyu,1
sound,1
spicy,1
sweet,4
tomatoes,1
tried,5
used,2
wagyu,1
weird,2
wouldnt,2
yakitori,1
family,6
free,3
instalife,1
lightshow,2
nightlife,4
nightlights,3
nightout,2
nightscape,2
nzblogger,1
run,3
scheduled,1
sglifestyle,1
sgtravel,1
surprised,3
travelblogger,2
travelingram,2
turn,5
watch,3
prefer,2
throwbacks,1
����,3
black,2
color,2
depth,2
bright,5
cheery,1
choose,2
dark,14
depends,1
gloomy,1
���,2
createexplore,2
createexploretakeover,1
dreams,10
exploresg,3
flows,1
river,4
wait,7
ask,1
bea,1
besides,1
models,1
pia,1
smart,1
�������,1
yengcanon,1
������,1
��成��,1
���,3
����,1
最�,1
��������,1
���,1
easy,2
kitkat,1
p�r�d��,1
�����,1
bubbles,4
catch,5
dearest,1
hang,2
hehe,6
julia,1
there��,1
till,3
youre,15
yusrxi,1
cut,3
definitely,3
eat,1
especially,2
expectations,1
flavours,2
food,7
foodblogger,1
foodcoma,1
foodgasm,1
foodie,1
foodlicious,1
foodlove,1
foodlover,1
foodphoto,1
foodphotography,1
foodpics,1
foodshare,1
foodspotting,1
foodstagram,1
frozen,1
haha���,1
halal,1
hence,1
impression,1
kane,1
kanemochi,1
loveforfood,1
milk,3
mochi,1
mochiicecream,1
mochis,1
peachmatchachocolatekorean,1
punggol,1
reality,3
refused,2
save,3
sgfood,1
shivers,1
staff,1
strawberry,1
teeth,1
waterway,1
yum,2
darkest,5
produce,1
stars,6
fitnessgirl,1
mylive,1
��������,1
�����������,1
�������,1
����������,1
������,1
����,2
��������,1
��������,1
�����,1
�����������,1
����,1
��������,1
����,1
����,2
�������,2
�������,1
���,2
���������,1
����,1
��������,1
everholidaytriptravellingootdvscocam,1
iphonesingaporemarinabaysands,1
partner,1
gilanghastungkorogallery,1
wetlookpanoramic,1
bitch���,1
dedicate,1
fit,3
knowing,2
nothing,4
post,2
seen,2
skinny,1
soul,3
special,2
super,4
years,5
colorsoflife,1
dizzy,1
itsworking,1
lightart,2
looks,6
malfunction,1
whatsbehindit,1
disco,3
old,2
silent,4
turns,1
april,8
birthday,2
gone,6
head,4
month,9
tell,3
whole,4
half,2
tiptoe,1
glow,4
ones,5
stay,6
������,1
advance,1
bmt,1
brunei,1
btw,1
finally,6
fucking,1
gotten,2
infantry,1
marches,1
mates,1
officially,2
outfields,1
pioneer,1
platoon,1
route,1
saw,4
sir,1
taiwan,1
trainings,1
yay,2
���������,1
����infantrylife,1
ilights,13
katoshka,1
really,15
sweat,1
����,1
backdrop,3
event,4
flowers,6
held,1
lighted,2
big,10
bayside,1
couples,4
group,1
outdoor,4
paktoh,1
refuge,1
scenes,3
seeking,1
singles,2
stood,1
waterworks,1
man,4
mortal,1
shaft,1
shows,1
win,5
���,1
deepest,1
lines,6
truth,1
written,1
horizontal,8
interference,8
moonflower,11
galaxies,2
secret,2
assignments,2
finals,3
ohmore,1
unfinished,1
��tgif��,1
bills,2
dollar,1
tonight,2
destinations,1
difficult,2
lead,2
often,4
roads,1
����,14
easier,1
face,3
else����,1
nobody,3
peckseahadventure,1
youdontknowyouarebeautiful,1
���,1
����������,1
�����,1
����,1
���,1
���������,1
artzoo,2
display,6
missed,1
seconds,2
switch,1
window,3
dense,1
menacing,1
overcome,1
stanfill,1
vern,1
show,3
stone,1
apr,2
tgif,5
foreverlove,1
god,2
jndrlim,1
march,6
marchth,1
spending,1
spendingtime,1
throwbackphoto,1
zhenghock,1
����,1
������,2
����,1
buddy,2
hyekel,1
cannon,1
landscape,5
longexposure,4
slowshuterspeed,1
outings,1
soulsquall,2
thursdayp,1
locked,1
out��,1
chopsticks,1
honestly,2
insults,1
legs,3
tagsdoneright,1
turning,1
wont,3
amidst,2
basically,1
centre,2
clouds,2
elements,1
financial,1
get,9
longexposureshots,1
marinabayfinancialcentre,1
motion,2
motionblur,1
neonlights,2
nightshot,1
shotpeople,1
spin,1
throwbackthursday,4
wanted,4
wheel,1
await,1
bangkok,2
bye,5
clearly,1
december,1
hopefully,2
kinda,2
lion,1
london,1
runawayrebel,1
singa,1
spain,1
tokyo,1
wanderlusttowandermust,1
wildheart,1
adversity,1
apart,1
butterfly,2
completely,3
emerge,1
falling,1
lose,6
never,17
proof,1
discoversg,1
iphones,2
reasons,1
body,1
sea,3
brightly,2
order,2
present���,1
shine,11
����,2
boat,1
theres,6
colorful,4
ocean,4
pavilion,1
������,1
clear,1
hdr,1
sonyarii,1
sonysingapore,2
nightphotography,8
asiatour,1
makes,4
modest,1
occupy,1
place,11
skyscrapers,1
tiny,1
master,1
observing,1
earth,3
hourbut,1
went,2
excuse,1
move,1
tryna,2
behind,3
future,9
rainbow,12
cheers,2
holds,1
shall,3
tea,2
thai,2
vibes,4
diaries,1
vampire,1
vivian,1
又�����,1
butterbeer,1
fishy,1
�����������,1
artinstallation,1
cityskyline,1
lightartfestival,22
lonelyplanet,1
sgig,10
sginsta,1
sglife,1
shining,3
singaporeig,2
sustainability,2
thisissingapore,3
timeoutsg,1
topsgshots,1
travelawesome,1
unlimitedsingapore,1
welivetoexplore,1
wuasia,1
submissions,1
babe,1
safe,3
weeks,4
���������,1
healy,1
matt,1
outcome,1
sem,1
��������,1
th��,1
����,4
girllilikoisingapore,1
upon,5
citybreak,1
datenight,1
dandelier,3
exploring,3
grow,1
thoughts,3
threads,2
ill,5
okay,3
stand,5
focus,4
moments,6
yongweikai,1
alhamdullillah,1
asked,2
blessings,3
day��,1
luv,2
receive,1
single,2
yet,3
delight,2
slight,1
curvature,1
lines��,1
straight,2
understanding,2
sad,3
faded,1
ootd,3
ootdsg,1
rainmakersc,1
become,4
grace,2
shines,5
����,1
anything,4
everywhere,1
times,4
wandering,1
worries,1
forward,3
looking,5
feel,11
lightswe,1
lowand,1
lowjustsaying,1
others,8
quotes,1
purple,2
diamond,1
inspiring,1
iphoneonly,3
lifeisbeautiful,1
mystyle,1
nightview,3
positive,1
positivevibes,1
worldfrommyeyes,1
mon,1
umbrellasss,1
bout,1
california,1
dreamin,1
artporn,1
art���,1
annoys,1
enemies,1
forgive,2
brought,1
challengetheworld,1
chased,1
crazy,2
getting,4
got,2
knife,1
security,1
shoot,6
wahahahaha,1
���,2
战,2
�����,1
��am,1
�����,2
月�,1
blog,1
bottom,4
chocolate,1
choices,1
coconut,1
feat,1
goodness,1
hard,6
heard,2
kitchen,1
matcha,2
mix,1
mylk,2
powder,1
question,1
rebel,3
recommend,1
review,1
series,1
shake,1
strange,1
tastes,1
though,2
carried,3
thousand,2
������,1
deadlines,1
dreaded,1
survive,1
torturous,1
����������,1
ago,2
carnivals,1
editing,4
photos,6
concrete,1
jungle,1
latepost,3
loveandhate,1
loveandhaterelationship,1
ohana,1
achieve,1
challenging,1
comfort,2
comfortable,2
staying,1
zone,1
you����,1
annoying,2
luv��,1
worst,2
hugging,1
��������,1
meant,1
TRUE,6
hongkong,1
martialarts,1
starhubtv,1
wushu,1
��������,1
����,1
�������,1
���,1
colourful,3
merlion,3
waterspraying,1
asmbly,1
benghui,1
edm,1
enclave,1
follow,4
companion,2
events,2
friendly,1
pet,1
places,3
����,1
butterflies,2
couple,5
credits,2
eeeijnuj,3
girlfriend,2
zoophoto,1
coolest,1
installation,7
probably,3
�������,1
�����������������,1
��������,1
�����‍♀���,1
���������,1
�����,1
�����,2
���������,1
�����‍����,2
bacon,1
francis,1
present,1
thb,1
installations,5
starts,1
suchaloser,1
worn,1
ulight,1
byling,21
����,21
����,21
bottles,6
evian,4
tower,1
blackandwhite,3
blackandwhitephotography,4
leicasg,1
leicasl,1
monochrome,2
spicollective,1
spisilhouettes,1
street,5
streetphotographer,1
streetphotographers,1
topbnwphoto,1
boomerang,1
sia,1
lmao,1
waited,2
wasnt,3
actually,3
although,1
darn,1
frowned,1
honest,1
socially,1
squatting,1
daynvivi,1
everyday,2
percent,1
u���,1
㚙��,1
�������,1
����,1
���,1
alive,1
grind,1
making,3
☁��,2
��ilight��,1
papmam,1
shadows,2
gojerdontscared,3
igpop,3
justdoit,3
toomanyhashtags,3
whynot,3
wiggle,1
overdue,1
halfmarathon,1
halfmarathoner,1
moment,8
process,2
runner,1
running,2
runninglife,1
usually,1
xusg,2
xusingapore,2
������,2
caption,3
gthephotographer,1
ready,1
samurai,1
whip,1
change,4
remain,1
chasing,3
lkzx,1
���������戏���,1
coolafterrain,1
cool,8
�����������,1
������,1
�������,1
kaleidoscopic,1
monolith,1
northern,5
�자,1
����,1
neon,7
silhouette,2
idiotmuch,1
igsingapore,2
instagramsg,2
instagramsingapore,1
instasingapore,1
nothingbettertodo,1
photobomb,1
photobomber,1
saturdayfun,1
saturdayloves,1
saturdaynight,2
selfie,1
sglove,2
singaporeinstagram,1
solo,1
throwbackpic,2
throwbacksaturday,1
defined,1
struggle,1
throw��,1
values,1
willing,1
candidness,1
ilightyou,1
reaching,1
tunnel,4
reminded,1
saying,1
even,12
giving,1
possibilities,1
caninotworkplease,1
colourfulweekend,1
flies,1
latergram,5
mondaybluesalready,1
whydoesweekendhavetoend,1
whydoesweekendpasssoquickly,1
whyistomorrowmonday,1
canstrodid,1
favesasia,1
guiiiiiiide,1
queued��,1
����,1
���,1
����,1
countrywith,1
possibility,1
awkward,2
swear,2
social,6
sparkles,4
sight,1
accept,1
bio,3
dare,1
decision,1
energy,3
enjoy,5
gave,3
highlight,6
ideas,1
journey,3
link,2
lots,1
hunt,1
ive,5
bnwcaptures,1
bnwlife,1
bnwmood,1
bnwofourworld,1
bnwsociety,1
lip,1
swollen,1
tongue,1
canon,2
canondmarkiii,1
canonsg,1
decent,1
details,1
dmarkiii,1
fizaokc,1
isaawsam,1
luthhayyan,1
potraitphotography,1
zoom,1
castle,3
tb��,1
����,4
xilefchen,1
chull,1
gayee,1
hindustanified,1
kar,1
koothu,1
ladagis,1
ladaki,1
mastanis,1
partynight,1
������������������������,1
������,2
exposed,1
semi,1
important,3
result���,1
�����,4
wonder,4
allure,1
cos,2
arouralights,1
northernlights,1
ombre,1
china,1
closest,1
colleague,2
months,2
artofvisuals,2
backpacksingapore,2
bevisuallyinspired,1
communityfirst,1
create,2
finditliveit,1
gfsingapore,2
happens,2
igerssingapore,1
lovessingapore,2
madaboutsingapore,1
plastic,3
recycled,1
sgcandid,1
sghood,1
sginspiration,1
sginstagram,1
sgstreetscape,1
singaporetoday,1
singapurastreets,1
streetofsingapore,1
structures,2
stunning,2
sudshappyfeet,1
thisisus,1
outta,1
poop,1
shit,4
slap,1
sometimes,2
wanna,3
umbrella,2
mijetphotography,1
nikonasia,2
everyone,4
side,6
hopedreams,1
ilightmarinabaysingaporelove,1
judgement,1
solace,1
healingjourney,1
saturdaynightlights,1
hello,3
lasers,1
lost,3
maze,1
bottle,3
grant,1
khenginthebottle,1
rub,1
wishes,2
decided,2
destroying,1
devoid,1
fav,5
feed,2
�����,1
���,3
���,1
��������,1
���������,1
�����,1
happri,1
������,1
����,1
��샜��,1
thinkin,1
else,2
kidding,1
lit,4
swag,1
swagcheck,1
whitagram,1
����,3
broken,4
deserves,1
ever,5
forget,2
guy,2
satnite,1
����,5
favourite,5
golden,1
silence,1
����,1
filled,2
grains,2
grainy,2
parents,1
rice,1
t��,1
safwanwawan,1
hug,4
ladycouplegoals,1
umy,1
engagement,2
ivanxmay,2
spinning,3
stofmay,2
stopped,2
timestop,2
������,2
hell�,1
enjoyed,4
���,1
����,1
����,1
����,1
loves,6
matter,4
prettiest,1
ugliest,1
������,3
fire,1
flip,1
rockets,1
thrusters,1
���✜��,1
��停�,1
desee,1
desisquad,1
kee,1
ladakiyon,1
team��������������,1
���,1
����������,1
creativityfound,3
fashion,3
fashioninsta,3
festival,18
instahappy,3
instashot,3
tweetgram,3
asianculture,1
asiantrip,1
bamboo,2
chic,1
cute,2
kawaii,1
mascot,1
nationalgeographic,1
panda,2
pandaapanda,1
pandabear,1
pandalove,1
pandas,1
panda���,1
personal,1
plush,1
posh,1
said,4
singaporean,1
singapur,1
supply,1
traveling,4
use,1
ぐ�,1
����,1
���,2
realise,1
��������������������������������,1
�����,1
���,2
���������,1
eyes,2
fool,1
amazingsingapore,1
awesomeshots,1
globalfamily,1
igcaptures,2
iggloballife,2
igphotoclub,1
instashoot,1
shootergram,1
singaporephotography,1
streetdreamsmag,1
alone,1
aprilfool,1
bad,5
company���������,1
ifyouarelonelywhenyouarealone,1
iwaitedformorethanhrjustwantoshootanicephoto,1
iwanttogiveyouaplaceofflowers,1
lonely,2
tnpsg,1
youareinabadcompany,1
yun,1
������,1
����,1
�������,1
暚�,1
果�,1
���,1
�昞�,1
����,1
build,1
house,5
money,2
takes,1
ugly,1
instalifo,1
likeit,1
luxury,1
skyfall,1
vip,1
expectation,1
siree,1
sneha,1
tanya,1
wings,1
ilightsingapore,1
john,1
mytrip,1
���,1
�������,1
����������,1
����,1
�����,1
�������������,1
�������,1
������,1
���,1
contemplating,1
kept,2
set,1
upload,1
breath,2
gregson,1
knott,1
tyler,1
tylerknottgregson,1
typerwriterseries,1
nofillter,1
alcatraz��������,1
prisoner,1
ghost,1
second���,1
finds,1
leave,3
trance,1
brighter,3
clearer,1
drained,1
grey,1
thoroughly,1
seem,1
���,2
����,2
dull,2
gets,2
lighter,1
aesthetic,3
aesthetickid,1
blue,9
electric,1
perspective,1
red,2
yellow,1
credit,2
hill,1
igsgilightmarinabay,1
sunset,1
background,2
indiebxxnes,1
guess,4
thumb,1
������,1
dimples,1
forced,1
came,3
friendship,2
isnt,4
known,1
left,2
longest,1
cha,3
gong,1
晚,1
able,1
brightness,1
everyones,1
minds,1
negativity,1
truejoyofliving,1
veragioiadivivere,1
����,1
���,1
������,1
������,1
����,1
�������會��,1
����,1
��會���,1
���,1
charles,2
puzzled��,1
sun☀��,1
bottled,1
borne,1
check,2
consciouslivingsgwordpresscom,1
desktop,1
environmental,1
guys,3
hours,1
improvement,1
issues,1
multiple,1
research,1
societal,1
suggestions,1
support,4
thank,7
website,1
work,6
crowd,2
excites,1
instagramable,1
join,1
think,7
illuminated,2
mainstreamity,1
spectrum,1
couplegoals,1
instagramboyfriend,1
lategram,1
perryandmia,1
perrynmia,1
���,1
����,1
memories,3
exhibition,7
geometry,2
hybycozo,9
olympus,4
olympusomdem,4
shadow,8
unique,3
�뚘,1
����,1
����,1
club,1
fan,1
poster,1
requests,1
whitehotshoots,1
awhile,1
since,2
ufos,1
����,1
thats,7
thing,1
alami,1
bukan,1
dari,1
darisini,1
datang,1
happyfasting,1
itu,1
keindahan,1
rajab,1
sini,1
tunjukhati,1
tunjukwajah,1
��������,1
colourswebstructureprofyuensresearchteam,1
itsqualityratherthanquantitythatcounts,1
myfriend,1
thingsarevaluedfortheirqualityratherthantheirnumbers,1
toldme,1
umbrellas,1
�������,1
guessin,1
hero,1
human,3
lsl,1
ways,1
����,1
����,1
comtemporaryart,1
followforfollow,3
gardenoflights,1
igpic,1
instaart,1
instastyle,1
������������,1
conlui,1
decorate,1
drive,3
hazard,1
jingyi,1
note,1
plant,1
road,2
zonkystarz,1
��time,1
吞��,1
goodbye,3
camera,2
difference,1
repost,1
✜�������,1
friday,2
imagination,2
real,2
anyway,1
mastering,1
plain,2
����,1
majestic,1
ample,1
equipment,1
pity,1
popular,1
proper,1
raining,1
tripod,1
pics,1
unfortunately,1
hierarchy,1
sense,2
����,1
combined,1
goodnight,1
������,1
feet,3
hearts,2
chimneycone,1
�����������������,1
everglow,1
cracks,1
front,2
brain,2
juice,1
skin,2
squeezing,1
veins,1
visible,1
billion,1
recycle,1
imagine,2
merovign,1
idiotic,1
idk,3
����,1
whitehotsurfer,1
feelings,1
hide,1
artshow,1
flowing,2
sustainablelighting,1
touristspot,1
trippy,2
trippyart,1
weekendfun,1
gives,3
failure,1
scare,1
beardog,1
fair,2
teddy,2
won,2
������,1
photogenic,1
squat,1
classic,1
white,3
������������,1
hate,3
egglet,1
enjoying,2
pasarbella,1
iphoto,1
iphotography,1
two,6
beyond,1
blinding,1
calling,1
cross,1
deep,2
goes,1
knows,2
line,3
pink,2
seems,1
selfportrait,1
sillouette,1
whats,2
playtowin,1
������,1
iphoneography,3
stopgapband,1
using,1
finding,1
felt,2
hundreds,1
surrounded,1
woof,2
������,2
bodegasyuntero,1
dolamancha,1
spanish,1
vinosdelamancha,1
winelovers,1
yuntero,1
artists,1
created,2
showcase,1
������,1
soon��,1
colors,6
bicycle,1
litup,1
feels,3
wsxjq,1
ringo,3
toys,2
uncle,5
teeheeee,1
company,4
familiar,1
faults,1
flight,2
harder,1
hit,1
moving,2
risk,1
targets,1
uncomfortable,1
beautifuldestinations,1
concept,1
dametraveler,1
darlingescapes,1
hint,1
it����,1
originates,1
����,1
bentham,1
forgets,1
hand,4
igpics,1
jeremy,1
reach,1
stretching,1
travelpics,1
travels,1
wander,1
wanders,1
wheninsg,1
wheninsingapore,1
thinkingg,1
adventures,1
part,3
spent,2
together��,1
�����,1
bones,1
fix,1
ignite,1
hypefest,1
popup,1
showing,1
store,1
success,2
perfect,3
beats,2
gaestro,1
discard,1
for����,1
kill,1
ahaha,1
tho,2
wayneyzx,1
behaviour,1
circus,1
comfy,1
hansrahulazim,1
harempants,1
heh,1
matchingpants,1
nopants,1
onzie,1
pants,1
put,1
smiles,1
soon,1
wore,1
care,3
citylife,1
citylights,1
gastro,1
goodtobehome,1
wow,1
caps,1
album,2
bola,1
rajut,1
robot,1
judge,1
misfortune,1
opportunity,4
quick,1
gombaldimalamhari,1
sokpuitis,1
sokromantis,1
�����������,1
game,2
evening,3
normal,1
yolo,1
dangerous,1
precarious,1
������������,1
actual,1
bencheesto,1
fact,2
beautifulcity,1
bodyasia,1
play,2
team,4
teamdinner,1
����mylifewithbody,1
ass,1
bet,1
doe���,1
fuck,1
haus,1
hey,1
shitty,1
sis,1
����‍��,1
huhu,1
qu�,1
���p,1
puppet,1
soulless,1
gou,2
zha,2
zhong,2
bear,5
fatty,1
yeah,1
�ぜ��,1
happiness,6
pain,2
wants,2
quarrel,1
��������,1
impromptu��,1
�������,3
managed,3
sister,1
inspired,1
lielaine,1
electricity,1
forgot,2
hmm,1
pay,1
tubes,1
whites,1
architecture,2
�������,1
�く�,1
�くす�,1
������,1
homies,1
������,1
madness,2
sanity,1
dad,1
huh,2
ideal,1
size,2
softtoy,1
stronger,1
throwbackwednesday,1
xoxo,1
hublotbigbang,1
offday,1
yongying,1
���,1
breadedition,1
gooddddddd,1
��baomakers,1
cave,2
cream,1
cuz,4
demands,1
findjuanseyes,1
ice,2
tru,1
nighttime,1
exposure,1
����,1
therein,1
youd,1
typical,1
artzoosg,1
bouncing,1
bouncy,1
bustling,1
cbd,1
goodlucktoallthosekids,1
hustling,1
random,1
dying,1
hiding,1
i’m,1
protect,1
scars,1
�������������,1
world����,1
blues,3
hahaha,3
lock,1
stupid,1
figure,1
star,1
wars,2
grainyafpicture,1
�����‍♀��,2
dance,4
lightmycity,3
calm,1
����,1
nrshax,1
stomach,1
alistsg,1
bridge,1
district,1
entitled,1
helix,1
hotel,1
iconic,1
igexquisite,1
iggreatshots,1
igworldclub,1
iluvsg,1
iztmember,1
longexpoelite,1
longexposurephotography,1
museum,1
noitenoinstagram,1
onto,1
postcardsfromtheworld,1
projections,1
science,2
sgheartmap,1
singapores,1
syndicate,1
tvpointofview,1
tvtravel,1
waycoolshots,1
wbgmembers,1
complex,1
emotions,1
navigating,1
rooms,1
trouble,1
lights��,1
broke,1
hurt,2
matters,1
sigmamm,1
sony,2
agameofportraits,1
agameoftones,1
bit,3
bleachmyfilm,1
discoverportraits,1
filmpalette,1
folkportraits,1
folkvibe,1
hehehe���,1
houseoftones,1
igpodiumportraits,1
igportraits,1
illumination,1
instagoodportraitlove,1
lumos��,1
majesticpeople,1
makeportraitsmag,1
makeportraitsnotwar,1
peoplescreative,1
portraitmood,1
portraitpage,1
portraitsmag,1
postthepeople,1
pursuitofportraits,1
quietthechaos,1
rsaportraits,1
tags,1
thecreatorclass,1
theimaged,1
theportraitprject,1
vscoportraits,1
vzcomood,1
bands,1
rubber,1
rebuild,1
anniversary,1
glentjr,1
milestone,2
gastronomic,1
dune,1
flamme,1
minuscule,1
pourrait,1
puissante,1
�clater,1
�tincelle,1
constantly,3
cutting,1
daysofwonder,1
experiences,1
guards,1
haunted,2
help,2
past,1
reminding,2
shouldnt,1
subconscious,1
�����,1
glowing,2
wonderful,1
����singapore,1
flash,1
urchin,2
explorecreateshare,1
exploreeverything,1
igersrecommendation,1
ilightmarina,1
inspiration,1
vscobest,2
vscogrid,1
amusement,1
nice,2
park,1
sand,2
attract,1
cautious,1
releasing,1
artoftheday,1
ccchunghan,1
daynight,1
embrace,1
exhibtion,1
friend,1
lessons,1
nightsout,1
upgraded,1
�houghtoftheday,2
�houghtofthenight,1
market,1
flashlight,1
stuck,1
among,1
downfalls,1
unclear,1
unfocused,1
darknesses,1
bonfire,1
burn,1
cuddle,1
sigma,2
���,1
apparent,1
approval,1
consume,1
control,2
decide,1
discredit,1
disrespect,1
enough,2
internalize,1
judgements,1
lifetime,1
opinions,1
poorly,1
reason,1
refuse,1
space,1
speak,1
strong,1
treat,2
trying,4
rumi,1
nite,2
nite����,1
ddp,1
led,2
roses,2
seoul,1
lively,1
near,1
supposed,1
akc,1
cutie,1
cutiepie,1
dog,1
dogstagram,1
furball,1
ilovemydog,1
instapet,1
loveyou,1
miniatureschnauzer,1
minischnauzer,1
minischnauzersofinstagram,1
pawfection,1
petscorner,1
petstagram,1
puppy,1
puppyeyes,1
purebreed,1
schnauzer,1
schnauzergram,1
schnauzerlove,1
schnauzerworld,1
sgdog,1
alright,2
beside,1
blurish,1
fear,1
hold,2
ride,4
youalways,1
act,1
comes,1
conscious,1
encouraging,1
film,1
fiz,1
hes,1
lipsblue,1
planet,1
self,1
veinsblue,1
fabulous,1
luxuriousgorgeous,1
apieceofilght,1
hunting,1
momento,1
momentos,1
dragons,1
jervisslx,1
mrtoong,1
rayne,1
timep,1
urban,1
��������,1
top,1
posibilities,1
liquid,1
nitrogen,1
smoking,1
����,1
vvienjjjj,1
lim,1
siblings,1
salty,2
truffle,1
consistent,1
shelter,1
��������,1
����,1
果����,1
���,1
catching,4
germany,1
architecture����,1
bottles���,1
entangled,1
dwelling,1
akan,1
aslinya,1
bersama,1
dan,1
kalau,1
kemana,1
kentut,1
ketahuan,1
lah,1
maka,1
makan������next,1
mangap,1
melulu,1
sahabatmu,1
sifat,1
tidur,1
tukang,1
ya���,1
sets,1
sun,1
twas,1
date,3
triple,1
ringos,1
kaleidoscovin,3
torch,1
cheesy,1
you������,1
toilet,1
vibrancy,1
life��,1
attractions,1
main,1
praying,1
quote,1
remembers,1
fatter,1
growing,1
jordan,1
modelling������,1
gnizamewa,1
ahahaa,1
took,5
wayne,1
dim,1
dlyqphotography,1
�����,1
����,1
��������,1
blurred,1
ahfodtour,1
brown,1
charlie,1
charliebrown,1
coldplay,2
wild,1
dew,1
featuring,1
pass,2
storm,1
waiting,1
exist,1
prawn,1
earthhour,1
equinox,1
boyfriends,1
evidently,1
gazing,1
improving,1
skills,1
�����,1
ernestandjanis,1
sgcouple,1
creds,1
dadddd,1
dreamthat,1
goodfilling,1
indonesia,2
malaysia,1
mandruydeshevshe,1
mean,3
nuisididoma,1
openminedpeople,1
samsebecolumb,1
vacations,1
vovchuk,1
���������,1
����,1
fame,1
hobby,1
juli�n,1
midnight,2
muslimwomensday,1
rose,4
aimlessly,1
commence,1
loafing,1
door,1
dun,2
ppl,1
sometime,1
wall,1
welcome,2
bryancys,1
me��,1
spot,1
drunknite,1
needs,2
tripods,1
amazed,1
chance,1
gotta,1
hosting,1
iso,1
khairulazmas,1
performance,1
photowalk,1
rxthroughmyeyes,1
rxv,2
sonyrx,1
sonyrxxkhairul,1
breeze,1
coloured,2
looked,1
moved,1
ribbons,1
enjoymylife,1
enjoyyourownlifewithoutcomparingitwiththatofanother,1
meimei,1
mylovelyphoto,1
sergebeaulieu,1
thankyou,3
withoutpermission,1
yelenafilipchuk,1
�����,1
�����,1
���,1
�����,1
����,1
考��final�,1
bloopers,1
rey,1
deeks,1
romantic,1
veeviisme,1
blackout,1
nap,1
����voltage����,1
empty,1
faces,2
nicest,1
allowed,1
burrito,1
cold,1
hanging,1
mojo,1
quarrels,1
tgt,1
verified,1
��������,1
count,2
�����,1
pushes,1
�����,1
sippin,1
skies,1
throwbackmbs,1
trippin,1
waterfalls,1
afraid,2
arent,2
thorns,1
amazingeffect,1
brightlights,1
goodtosee,1
ilightsg,1
sgkeepmoving,1
adorable,1
cantbeartoleavehermickey,1
choice,3
eleanorchua,1
ericecyz,1
everlyseah,1
gqep,1
hardtimewalking,1
littlebakngee,1
mickeymouse,1
oversized,1
pick,1
breeds,1
lilychong,1
evianwater,1
�����,1
����名會�,1
������,1
遚�,1
addictedtonights,1
downtowncore,1
named,1
nightscene,1
nikonsg,1
selfexplanatory,1
thepromontory,1
timeoutsingapore,1
�������,1
����ilight,1
�����,1
symmetry,1
����은,1
�������,1
��提������,1
��������,1
dino����,1
monthsary,1
call,2
early,1
instapics,1
instaplace,1
�������,1
�����,1
���,1
��ilight,1
whereby,1
lining,1
silver,1
hershelsupply,1
allmadeofbottles,1
effort,1
make��,1
����,1
photographer,2
closeup,1
sleep,2
herb,1
lemon,1
miso,1
yumm,1
foodfest,1
foodlovers,1
instaphoto,2
lightsfestival,1
pokebowl,1
silentdisco,4
women,1
exgymnast,1
flexy,1
polesisters,1
silhouettes,1
splits,1
tbbafterhours,1
������,2
joy,1
visual,1
visualsoflife,1
architect,1
instalation,1
accessory,1
gipauso,1
jolina,1
lang,1
magdangal,1
makarelate,1
nga,1
una,1
tries,1
yesterday,3
freaking,1
legend,1
unicorn,2
crowded,1
experiencing,1
instago,1
instamoments,1
niece,1
slept,1
worth,2
hor,1
stares,1
incredible,2
bitch,1
games,2
waste,1
����,1
dragonbreathe,1
ignore,1
theoryoflife,1
disco���,1
����,1
motivation,1
scared,1
chashma,1
discomeinkhisko,1
kaala,1
kaashmerikamarkatrinajaisihoti,1
playing,1
point,2
sure,3
dwwords,1
exhibit,1
pavillion,1
brighterilightsmarinabay,1
flowery,1
pockets,1
������,1
deprived,1
due,2
exams,1
immensely,1
��������������,1
babyboy,1
noise,1
outing,2
overwhelmed,1
taufeeq,1
festivalsevents,1
neighbours����,1
wiln,1
moonflowerinstallation,1
search,1
efforts,1
paid,2
��������,1
share,1
started,1
youll,3
drowning,1
eugenelny,1
givin,1
quit,1
complete,1
exactly,1
faithfulness,1
patience,2
turnaround,1
����,1
��坚�,1
吞����做��,1
chaos,1
jhnnjh,1
nightscape��,1
friends���,1
died,2
earphones,1
fell,1
fixed,1
hahahaha,2
halfway,1
hear,1
messed,1
music,1
noisy,1
resort,1
timing,1
vid,1
����,1
mirror,1
mommy,1
costs,1
smh,1
you��aloyaly,1
forever��,1
life��,1
arefahaseena,1
divided,1
foreverlasting,1
gon,1
stresses,1
����,1
favorite,1
rare,1
samtoro,1
canvas,1
paint,1
piece,1
tgim,1
bar,1
hut,1
escalator,1
exact,1
ground,2
hits,1
mystery,1
solve,1
suck,1
topic,1
understand,1
validate,1
yearly,1
��������,1
translated,1
technicolor,1
chelsea,1
davina,1
either,1
fam,1
fambam,1
silentdiscoasia,2
constellations,1
fathom,1
handle����,1
wrap,1
�����������������������������,1
burst,1
flashback,1
forth,1
bday,1
enjoyable,1
presents,1
rly,3
stuff,1
tagged,1
thx,2
yall,1
pregnancy,1
minute,1
version,1
guaranteed,1
adamjmf,1
amossa,1
row,1
sarrahheartssupportslocal,1
scarletavenue,1
autopilot,1
drive����,1
artwork,1
beaulieu,1
filipchuk,1
glad,2
serge,1
yelena,1
arm,1
carrying,2
holding,1
mini,1
stitch,1
monsundiaries,1
����date,1
fade,1
canyouspotme,1
city����,1
complicated,1
nearer,1
thisislife,1
knitting,1
bluegreen,1
closer,1
commented,1
crystal,1
emptied,1
houses,2
lightings,1
magical,1
material,1
mineral,1
placing,1
position,1
sculpture,1
shooting,1
slanted,1
stepping,1
strategic,1
�����,1
���,1
closure,1
fakeseow,1
project,1
supported,1
tomyrto,1
bubbles��,1
bag,1
despite,2
heavy,1
laptop,1
silentdiscoasiailightmarinabay,1
expect,1
painful,1
pony,1
winnings,1
invisible,1
strongest,1
ties,1
luminous,1
motivated,1
outdoors,1
works,1
kyrakyun,1
world���,1
moonchild,1
case,1
lie,1
����,1
cheryl,1
contingentio,1
cruxrox,1
fbc,1
junli,1
awesome,3
band,3
twice,1
whyyy,1
��������,1
chillin,1
eventho,1
ilight����,1
malaysia���,1
rushed,1
���������,1
������,1
byemonday,1
press,1
busy,1
fully,1
less,1
meeting,1
myprincess,1
period,1
吞�,1
experiment,1
gimmick,1
interactive,1
pleasantly,1
turned,2
yesterdays,1
lads��,1
achievement,1
laughing,1
priceless,1
cherlynnlian,1
mess,1
sweaty,1
�������,1
��yall,1
together,1
spam,1
ugh,1
wished,1
carousel,2
horse,1
place���,1
baymax,1
card,1
earlier,1
gwabbie,1
number,1
passes,1
quickly,1
sat,1
thiang,1
visited,1
def,1
kiddo,1
mostly,1
apreciatewhatyouhave,2
bakery,2
bakingtime,2
cakes,4
chefstyle,2
enjoyinglife,2
happylife����,2
here����,2
lovemyhusband����,1
lovemyhusband,1
����,1
edit,1
filter,1
snaps,1
coke����,1
corinthians,1
��let,1
����������,1
adjective,1
��by�tif��l,1
gastrobeatssg,2
pop,1
crjessegoh,1
ilight��,1
lived,1
tourist,1
lottt,1
mins,1
notagain,1
face��,1
✜���cant,1
wife,1
makeup,1
smiling,2
fake,1
plants,1
brothers,1
marinabayfront,2
weekendvibes,1
obsession,1
rainbow����,1
esplanade,1
fleawhere,1
pinkie,1
prettyyyyyyyyy,1
lads����,1
barreballetdenise,1
barrebarresg,1
barreyoga,1
session,1
soulscapesg,1
abit,1
round,1
born,1
lewis,1
says,2
debbierahhh,1
grounds,1
infront,1
inspecting,1
jeredmy,1
passerby,1
phone,1
poor,1
quality,1
saturday,2
pawrents,1
celine,1
zhang,1
muddy,1
shoes,1
disappoint,1
zuli,1
monkey,1
notice,2
strollers,1
natural,1
baik,1
baru,1
cepat,1
complaints,1
heee,1
maklom,1
penat,1
sakit,1
stamina,1
tolerating,1
dead,2
kiss,1
meteorite,1
hole,1
rabbit,1
�����,1
bae,1
chill,1
april����,1
bullshits,1
hahahah����,1
reallly,1
spend,1
tooooooo,1
u�����,1
ytd,1
bbygal,1
wif,1
final,1
giant,1
lightbulbs,1
suspect,1
cri,1
monday,2
literally,1
ohgod,1
ringo��������‍♀��,1
�����‍♀����,1
taught,1
gais,1
hair,1
harassing,1
deserved,1
aint,1
geegeeselfy,1
intimate,1
octopus,1
shortchange,1
suppose,1
����,1
homesweethome,1
househunting,1
jonnys,1
newhome,1
vscotravel,1
��������������,1
hop,1
letz,1
trend,1
artzoowasmadfunthough,1
childrenwereeverywhere,1
dumb,2
dumbest,1
exceptforthepartwithkids,1
lolololol,1
ohwait,1
theofficialdumbtrio,1
trio,1
wewerethedumbones,1
�������,1
crew,1
organizing,1
petals,1
solar,1
artsy,1
creative,1
daydream,1
possible,1
vibe,1
singaporebynight,1
artificial,1
������sundaynight,1
day����,1
noedit,1
photograph,1
raw,1
samsung,1
taken,1
thinkoutofbox,1
worldtravelbook,1
�������ilightmarinabay,1
everybody������behappy,1
pleasing,1
farisluminiq,1
simple,1
impromptu,1
plans,1
boys,1
superheroes,1
level,1
newfriends,1
pleasure,1
proud,1
�������,1
bubble,1
sam,1
succeed,1
sorta,1
constant���,1
hustle,1
midst,1
night�������,1
��ilights,1
haha,1
instead,1
queued,1
reached,1
