Name,count
artzoo,13
artbox,6
ataraxia,1 
colourful garden of lights,24                           
dande-lier,21 
eco.me,2                               
forever young!,6 
gastrobeats,161 
home,64 
horizontal interference,193         
HYBYCOZO,50 
i light you so much,5                    
kaldeioscope monolith,2 
moonflower,86                                        
northern lights,17                             
ocean pavilion,57                 
passage of inner reflection,,57 
secret galaxies,8                          
silent disco asia,9
social sparkles,6                            
the body of sea,7                                   
the urchin,24
ultra light network,79                               
uncle ringo,60
very glowing exhibition - very wishing river,4
waterfront bazaar,1                                    
waves,4 
you lookin' at me?,1s 
  